event_idx,row_idx,t,dT_dt,Tsel
1,4327,2025-09-12 20:35:34,0.0438333333333334,-1.87166666666667
2,7013,2025-09-12 21:25:54,0.0409999999999999,-2.66133333333333
3,7644,2025-09-12 21:37:44,0.0381666666666669,-2.743
4,7678,2025-09-12 21:38:22,0.0405,-2.62666666666667
5,7811,2025-09-12 21:40:51,0.041166666666667,-2.822
6,7880,2025-09-12 21:42:09,0.0391666666666666,-2.75166666666667
7,7947,2025-09-12 21:43:24,0.0408333333333335,-2.60466666666667
8,8107,2025-09-12 21:46:24,0.0356666666666665,-2.75866666666667
9,8147,2025-09-12 21:47:09,0.0418333333333336,-2.649
10,8322,2025-09-12 21:50:26,0.0401666666666667,-2.724
11,8505,2025-09-12 21:53:51,0.0353333333333332,-2.82366666666667
12,8551,2025-09-12 21:54:43,0.0410000000000004,-2.67833333333333
13,8761,2025-09-12 21:58:39,0.0373333333333334,-2.702
14,8867,2025-09-12 22:00:38,0.0396666666666665,-2.887
15,8904,2025-09-12 22:01:20,0.0348333333333333,-2.83966666666667
16,9111,2025-09-12 22:05:12,0.0373333333333334,-2.91566666666667
17,9149,2025-09-12 22:05:55,0.0414999999999999,-2.86266666666667
18,9204,2025-09-12 22:06:57,0.0371666666666663,-2.73166666666667
19,9243,2025-09-12 22:07:41,0.0348333333333333,-2.89833333333333
20,9333,2025-09-12 22:09:22,0.0401666666666669,-2.94166666666667
21,9392,2025-09-12 22:10:28,0.0364999999999998,-2.819
22,9582,2025-09-12 22:14:02,0.0375000000000003,-2.844
23,9636,2025-09-12 22:15:02,0.0365000000000002,-2.82066666666667
24,9668,2025-09-12 22:15:38,0.0356666666666665,-2.943
25,9740,2025-09-12 22:16:59,0.0351666666666663,-2.91366666666667
26,9779,2025-09-12 22:17:43,0.0394999999999999,-2.91833333333333
27,9819,2025-09-12 22:18:28,0.0351666666666668,-2.79966666666667
28,10045,2025-09-12 22:22:43,0.0353333333333334,-2.83666666666667
29,10339,2025-09-12 22:28:14,0.0355000000000003,-3.001
30,10426,2025-09-12 22:29:52,0.0364999999999998,-2.87633333333333
31,10592,2025-09-12 22:32:59,0.0353333333333337,-3.052
32,10671,2025-09-12 22:34:28,0.0346666666666671,-2.86
33,10800,2025-09-12 22:36:55,0.0383333333333333,-3.06533333333333
34,11218,2025-09-12 22:44:46,0.0414999999999999,-3.08266666666667
35,11455,2025-09-12 22:49:18,0.0388333333333335,-2.99833333333333
36,11761,2025-09-12 22:55:03,0.0361666666666669,-3.13233333333333
37,11817,2025-09-12 22:56:06,0.0390000000000001,-3.06633333333333
38,12036,2025-09-12 23:00:12,0.0374999999999996,-3.04966666666667
39,12247,2025-09-12 23:04:10,0.0415000000000001,-3.126
40,12305,2025-09-12 23:05:15,0.0364999999999998,-3.00033333333333
41,12402,2025-09-12 23:07:05,0.0340000000000003,-3.18033333333333
42,12449,2025-09-12 23:07:58,0.0391666666666666,-3.092
43,12481,2025-09-12 23:08:34,0.0366666666666668,-3.07566666666667
44,12623,2025-09-12 23:11:14,0.0383333333333336,-3.161
45,12674,2025-09-12 23:12:12,0.0435000000000003,-3.10833333333333
46,12725,2025-09-12 23:13:09,0.0351666666666666,-3.026
47,12897,2025-09-12 23:16:23,2.03425,-2.974
48,12957,2025-09-12 23:17:32,0.0350000000000001,-3.01733333333333
49,13084,2025-09-12 23:19:55,0.0356666666666667,-2.98933333333333
50,13258,2025-09-12 23:23:11,0.0396666666666665,-3.128
51,13660,2025-09-12 23:30:44,0.0366666666666666,-3.176
52,13712,2025-09-12 23:31:43,0.0390000000000001,-3.10266666666667
53,13912,2025-09-12 23:35:28,0.0371666666666668,-3.15033333333333
54,14127,2025-09-12 23:39:30,0.0366666666666666,-3.01766666666667
55,14690,2025-09-12 23:50:05,0.039166666666667,-3.20166666666667
56,16772,2025-09-13 00:29:14,0.0389999999999999,-3.08266666666667
57,17376,2025-09-13 00:40:34,0.0368333333333335,-3.232
58,17571,2025-09-13 00:44:14,0.04,-3.12766666666667
59,18204,2025-09-13 00:56:08,0.0401666666666667,-3.13133333333333
60,18776,2025-09-13 01:06:54,0.0381666666666669,-3.18166666666667
61,20016,2025-09-13 01:30:11,0.0413333333333334,-3.129
62,20217,2025-09-13 01:33:57,0.04,-3.14733333333333
63,20418,2025-09-13 01:37:43,0.0401666666666665,-3.13333333333333
64,20718,2025-09-13 01:43:21,0.0381666666666669,-3.292
65,21023,2025-09-13 01:49:05,0.0398333333333332,-3.142
66,21206,2025-09-13 01:52:31,0.0383333333333333,-3.18633333333333
67,21363,2025-09-13 01:55:28,0.0373333333333337,-3.29033333333333
68,21413,2025-09-13 01:56:24,0.0371666666666668,-3.15766666666667
69,21816,2025-09-13 02:03:59,0.039666666666667,-3.20466666666667
70,22156,2025-09-13 02:10:23,0.0398333333333334,-3.304
71,23332,2025-09-13 02:32:28,0.0389999999999997,-3.32033333333333
72,23781,2025-09-13 02:40:54,0.0396666666666665,-3.338
73,23825,2025-09-13 02:41:44,0.0385,-3.302
74,23991,2025-09-13 02:44:51,0.0409999999999999,-3.334
75,24054,2025-09-13 02:46:02,0.0398333333333334,-3.16533333333333
76,24180,2025-09-13 02:48:24,0.0368333333333333,-3.39466666666667
77,24217,2025-09-13 02:49:06,0.0381666666666667,-3.25
78,24558,2025-09-13 02:55:30,0.0418333333333332,-3.41133333333333
79,24645,2025-09-13 02:57:08,0.0413333333333334,-3.18966666666667
80,24854,2025-09-13 03:01:04,0.0413333333333334,-3.23733333333333
81,25820,2025-09-13 03:19:14,0.0411666666666666,-3.31233333333333
82,25851,2025-09-13 03:19:49,0.045333333333333,-3.188
83,26635,2025-09-13 03:34:32,0.0399999999999996,-3.327
84,26845,2025-09-13 03:38:29,0.0434999999999999,-3.35366666666667
85,27790,2025-09-13 03:56:11,0.0393333333333334,-3.316
86,28260,2025-09-13 04:04:59,0.0384999999999995,-3.32666666666667
87,28428,2025-09-13 04:08:08,0.0379999999999998,-3.41166666666667
88,28486,2025-09-13 04:09:13,0.0405,-3.229
89,28838,2025-09-13 04:15:49,0.0366666666666666,-3.30566666666667
90,29263,2025-09-13 04:23:46,0.0396666666666663,-3.25033333333333
91,29317,2025-09-13 04:24:47,0.0366666666666668,-3.205
92,29504,2025-09-13 04:28:17,0.0436666666666667,-3.26866666666667
93,29613,2025-09-13 04:30:20,0.0351666666666668,-3.449
94,30025,2025-09-13 04:38:05,0.0375000000000001,-3.403
95,30120,2025-09-13 04:39:52,0.0396666666666667,-3.224
96,30212,2025-09-13 04:41:36,0.0358333333333329,-3.43233333333333
97,30429,2025-09-13 04:45:41,0.0358333333333334,-3.37533333333333
98,30487,2025-09-13 04:46:46,0.0385,-3.305
99,30526,2025-09-13 04:47:30,0.0358333333333332,-3.27566666666667
100,30631,2025-09-13 04:49:28,0.0339999999999998,-3.45233333333333
101,30665,2025-09-13 04:50:06,0.0381666666666669,-3.362
102,30714,2025-09-13 04:51:01,0.0426666666666666,-3.289
103,30773,2025-09-13 04:52:08,0.031666666666667,-3.267
104,30807,2025-09-13 04:52:46,0.037666666666667,-3.349
105,30838,2025-09-13 04:53:21,0.0353333333333337,-3.40866666666667
106,30872,2025-09-13 04:53:59,0.0325,-3.354
107,30934,2025-09-13 04:55:09,0.0358333333333334,-3.18466666666667
108,31016,2025-09-13 04:56:41,0.0338333333333332,-3.33566666666667
109,31131,2025-09-13 04:58:50,0.0410000000000004,-3.28733333333333
110,31229,2025-09-13 05:00:40,0.0368333333333333,-3.34466666666667
111,31319,2025-09-13 05:02:21,0.0398333333333334,-3.30833333333333
112,31374,2025-09-13 05:03:23,0.0364999999999998,-3.25233333333333
113,31477,2025-09-13 05:05:19,0.0369999999999999,-3.364
114,31516,2025-09-13 05:06:03,0.0373333333333332,-3.31866666666667
115,31561,2025-09-13 05:06:53,0.0363333333333333,-3.18333333333333
116,31606,2025-09-13 05:07:44,0.0328333333333335,-3.27966666666667
117,31727,2025-09-13 05:10:00,0.0343333333333333,-3.277
118,31816,2025-09-13 05:11:40,0.0331666666666668,-3.28266666666667
119,31884,2025-09-13 05:12:56,0.0361666666666667,-3.372
120,31932,2025-09-13 05:13:50,0.0368333333333333,-3.24533333333333
121,32073,2025-09-13 05:16:29,0.0353333333333337,-3.38133333333333
122,32107,2025-09-13 05:17:07,0.0415000000000003,-3.39633333333333
123,32172,2025-09-13 05:18:20,0.0365,-3.218
124,32694,2025-09-13 05:28:07,0.0384999999999998,-3.33333333333333
125,32785,2025-09-13 05:29:49,0.0366666666666668,-3.208
126,32947,2025-09-13 05:32:51,0.0386666666666666,-3.33566666666667
127,33302,2025-09-13 05:39:30,0.0363333333333333,-3.42133333333333
128,33493,2025-09-13 09:46:01,0.0343333333333331,-3.327
129,34740,2025-09-13 10:09:23,0.0364999999999998,-3.29266666666667
130,34796,2025-09-13 10:10:26,0.0390000000000001,-3.21633333333333
131,34942,2025-09-13 10:13:10,0.0386666666666666,-3.35433333333333
132,35140,2025-09-13 10:16:53,0.0363333333333333,-3.29433333333333
133,35173,2025-09-13 10:17:30,0.0368333333333337,-3.23833333333333
134,35212,2025-09-13 10:18:14,0.0373333333333334,-3.16133333333333
135,35459,2025-09-13 10:22:52,0.0373333333333334,-3.23
136,35509,2025-09-13 10:23:48,0.0373333333333334,-3.39833333333333
137,35612,2025-09-13 10:25:44,0.0363333333333333,-3.22833333333333
138,35789,2025-09-13 10:29:03,0.0361666666666665,-3.25933333333333
139,36184,2025-09-13 10:36:27,0.0388333333333333,-3.24333333333333
140,36248,2025-09-13 10:37:39,0.0411666666666668,-3.06466666666667
141,36591,2025-09-13 10:44:05,0.0405000000000002,-3.27633333333333
142,36824,2025-09-13 10:48:27,0.038,-3.192
143,37288,2025-09-13 10:57:09,0.0396666666666667,-3.227
144,37393,2025-09-13 10:59:07,0.0383333333333331,-3.34566666666667
145,37630,2025-09-13 11:03:33,0.0388333333333331,-3.319
146,37662,2025-09-13 11:04:09,0.0385,-3.267
147,38251,2025-09-13 11:15:12,0.0368333333333333,-3.277
148,38315,2025-09-13 11:16:24,0.0386666666666666,-3.121
149,38484,2025-09-13 11:19:34,0.0371666666666666,-3.20333333333333
150,38616,2025-09-13 11:22:02,0.0356666666666667,-3.23133333333333
151,38716,2025-09-13 11:23:55,0.0363333333333333,-3.16166666666667
152,38755,2025-09-13 11:24:39,0.0385,-3.10366666666667
153,38892,2025-09-13 11:27:13,0.0348333333333333,-3.25866666666667
154,39099,2025-09-13 11:31:06,0.0368333333333333,-3.28633333333333
155,39269,2025-09-13 11:34:17,0.0383333333333333,-3.279
156,39325,2025-09-13 11:35:20,0.0383333333333333,-3.19433333333333
157,39357,2025-09-13 11:35:56,0.0386666666666666,-3.12233333333333
158,39396,2025-09-13 11:36:40,0.034,-3.18066666666667
159,39435,2025-09-13 11:37:24,0.0371666666666663,-3.27366666666667
160,39482,2025-09-13 11:38:17,0.0373333333333337,-3.21366666666667
161,39546,2025-09-13 11:39:29,0.039666666666667,-3.141
162,39620,2025-09-13 11:40:52,0.032833333333333,-3.20166666666667
163,39688,2025-09-13 11:42:09,0.0406666666666669,-3.29966666666667
164,39756,2025-09-13 11:43:25,0.0385,-3.231
165,39815,2025-09-13 11:44:32,0.0325,-3.22833333333333
166,39855,2025-09-13 11:45:17,0.0323333333333335,-3.32266666666667
167,39896,2025-09-13 11:46:03,0.038,-3.29666666666667
168,39969,2025-09-13 11:47:25,0.0383333333333333,-3.09533333333333
169,40009,2025-09-13 11:48:10,0.0358333333333334,-3.159
170,40056,2025-09-13 11:49:03,0.0335000000000001,-3.305
171,40087,2025-09-13 11:49:38,0.0361666666666669,-3.30633333333333
172,40128,2025-09-13 11:50:24,0.0366666666666668,-3.206
173,40257,2025-09-13 11:52:49,0.0356666666666667,-3.27366666666667
174,40297,2025-09-13 11:53:34,0.0336666666666665,-3.26966666666667
175,40358,2025-09-13 11:54:43,0.0376666666666665,-3.24033333333333
176,40503,2025-09-13 11:57:26,0.0323333333333333,-3.32366666666667
177,40560,2025-09-13 11:58:30,0.0423333333333336,-3.238
178,40622,2025-09-13 11:59:40,0.0416666666666665,-3.12466666666667
179,40707,2025-09-13 12:01:16,0.0321666666666662,-3.266
180,40787,2025-09-13 12:02:46,0.0356666666666667,-3.134
181,40860,2025-09-13 12:04:08,0.0335000000000001,-3.16766666666667
182,41007,2025-09-13 12:06:54,0.0388333333333335,-3.103
183,41073,2025-09-13 12:08:08,0.0325,-3.23666666666667
184,41143,2025-09-13 12:09:27,0.0375000000000003,-3.232
185,41206,2025-09-13 12:10:38,0.0403333333333331,-3.07733333333333
186,41258,2025-09-13 12:11:36,0.0348333333333333,-3.19633333333333
187,41314,2025-09-13 12:12:39,0.0390000000000004,-3.316
188,41498,2025-09-13 12:16:06,0.0334999999999999,-3.305
189,41549,2025-09-13 12:17:04,0.0351666666666666,-3.24733333333333
190,41589,2025-09-13 12:17:49,0.0351666666666666,-3.19366666666667
191,41680,2025-09-13 12:19:31,0.0343333333333331,-3.22833333333333
192,41804,2025-09-13 12:21:51,0.0385,-3.194
193,41908,2025-09-13 12:23:48,0.038,-3.309
194,42022,2025-09-13 12:25:56,0.0363333333333331,-3.09466666666667
195,42126,2025-09-13 12:27:53,0.034,-3.26533333333333
196,42195,2025-09-13 12:29:11,0.036,-3.17833333333333
197,42263,2025-09-13 12:30:28,0.0339999999999998,-3.07733333333333
198,42355,2025-09-13 12:32:11,0.0325000000000002,-3.21633333333333
199,42439,2025-09-13 12:33:46,0.0381666666666665,-3.06533333333333
200,42598,2025-09-13 12:36:45,0.0368333333333335,-3.21733333333333
201,42651,2025-09-13 12:37:45,0.0353333333333332,-3.09233333333333
202,42707,2025-09-13 12:38:48,0.0338333333333334,-3.24566666666667
203,42765,2025-09-13 12:39:53,0.0333333333333332,-3.245
204,42850,2025-09-13 12:41:29,0.0384999999999998,-3.03866666666667
205,42952,2025-09-13 12:43:24,0.0366666666666668,-3.32533333333333
206,43018,2025-09-13 12:44:38,0.0369999999999999,-3.19233333333333
207,43059,2025-09-13 12:45:24,0.0351666666666666,-3.18433333333333
208,43139,2025-09-13 12:46:54,0.033166666666667,-3.35966666666667
209,43178,2025-09-13 12:47:38,0.0341666666666667,-3.24333333333333
210,43217,2025-09-13 12:48:22,0.0335000000000001,-3.202
211,43318,2025-09-13 12:50:16,0.0370000000000001,-3.242
212,43361,2025-09-13 12:51:04,0.0334999999999996,-3.33
213,43436,2025-09-13 12:52:29,0.0371666666666668,-3.201
214,43523,2025-09-13 12:54:07,0.0303333333333333,-3.17733333333333
215,43564,2025-09-13 12:54:53,0.0328333333333333,-3.33533333333333
216,43644,2025-09-13 12:56:23,0.0330000000000001,-3.141
217,43754,2025-09-13 12:58:27,0.0323333333333335,-3.21666666666667
218,43790,2025-09-13 12:59:07,0.0388333333333335,-3.22633333333333
219,43853,2025-09-13 13:00:18,0.0324999999999998,-3.20533333333333
220,43914,2025-09-13 13:01:27,0.0303333333333331,-3.09933333333333
221,44020,2025-09-13 13:03:26,0.0335000000000001,-3.256
222,44066,2025-09-13 13:04:18,0.038,-3.17666666666667
223,44134,2025-09-13 13:05:35,0.0328333333333335,-3.19233333333333
224,44225,2025-09-13 13:07:17,0.0379999999999998,-3.22966666666667
225,44268,2025-09-13 13:08:06,0.0371666666666666,-3.10033333333333
226,44391,2025-09-13 13:10:24,0.0336666666666667,-3.25866666666667
227,44423,2025-09-13 13:11:00,0.0360000000000003,-3.25633333333333
228,44588,2025-09-13 13:14:06,0.0358333333333334,-3.32533333333333
229,44624,2025-09-13 13:14:47,0.0326666666666666,-3.26066666666667
230,44658,2025-09-13 13:15:25,0.0343333333333333,-3.21866666666667
231,44698,2025-09-13 13:16:10,0.0383333333333333,-3.09066666666667
232,44816,2025-09-13 13:18:23,0.0316666666666665,-3.301
233,44889,2025-09-13 13:19:45,0.0349999999999999,-3.16033333333333
234,44968,2025-09-13 13:21:14,0.0314999999999999,-3.183
235,45070,2025-09-13 13:23:09,0.0401666666666667,-3.20566666666667
236,45102,2025-09-13 13:23:45,0.0403333333333331,-3.07733333333333
237,45140,2025-09-13 13:24:28,0.0358333333333336,-3.091
238,45171,2025-09-13 13:25:03,0.0304999999999997,-3.18366666666667
239,45219,2025-09-13 13:25:57,0.0363333333333333,-3.24166666666667
240,45270,2025-09-13 13:26:55,0.0348333333333333,-3.168
241,45325,2025-09-13 13:27:57,0.0356666666666665,-3.09766666666667
242,45404,2025-09-13 13:29:26,0.0350000000000001,-3.21866666666667
243,45491,2025-09-13 13:31:04,0.0415000000000001,-3.11733333333333
244,45531,2025-09-13 13:31:49,0.0400000000000003,-3.08533333333333
245,45586,2025-09-13 13:32:51,0.0373333333333334,-3.265
246,45650,2025-09-13 13:34:03,0.0371666666666663,-3.24666666666667
247,45713,2025-09-13 13:35:14,0.0366666666666668,-3.153
248,45758,2025-09-13 13:36:05,0.0363333333333333,-3.06566666666667
249,45813,2025-09-13 13:37:07,0.0338333333333334,-3.25433333333333
250,45870,2025-09-13 13:38:11,0.0350000000000001,-3.25533333333333
251,45902,2025-09-13 13:38:47,0.0385000000000002,-3.08333333333333
252,46082,2025-09-13 13:42:10,0.0371666666666666,-3.201
253,46468,2025-09-13 13:49:25,0.039333333333333,-3.246
254,46500,2025-09-13 13:50:01,0.0390000000000001,-3.31266666666667
255,46634,2025-09-13 13:52:32,0.0363333333333333,-3.26133333333333
256,46724,2025-09-13 13:54:13,0.036,-3.13366666666667
257,46873,2025-09-13 13:57:01,0.0339999999999998,-3.26966666666667
258,46918,2025-09-13 13:57:52,0.036,-3.19033333333333
259,46950,2025-09-13 13:58:28,0.0378333333333329,-3.07133333333333
260,47092,2025-09-13 14:01:08,0.0360000000000003,-3.285
261,47123,2025-09-13 14:01:43,0.0394999999999999,-3.21766666666667
262,47254,2025-09-13 14:04:10,0.0348333333333333,-3.24433333333333
263,47459,2025-09-13 14:08:01,0.0365,-3.29266666666667
264,47537,2025-09-13 14:09:29,0.0345,-3.141
265,47709,2025-09-13 14:12:43,0.0375000000000001,-3.23033333333333
266,48308,2025-09-13 14:23:58,0.0373333333333334,-3.181
267,48410,2025-09-13 14:25:53,0.0353333333333332,-3.06166666666667
268,48498,2025-09-13 14:27:32,0.0351666666666668,-3.21533333333333
269,48581,2025-09-13 14:29:06,0.036,-3.05266666666667
270,48770,2025-09-13 14:32:39,0.0350000000000001,-3.156
271,48898,2025-09-13 14:35:03,0.0336666666666667,-3.13466666666667
272,48950,2025-09-13 14:36:02,0.0361666666666667,-3.141
273,49075,2025-09-13 14:38:23,0.0335000000000001,-3.18366666666667
274,49117,2025-09-13 14:39:10,0.0366666666666664,-3.22066666666667
275,49177,2025-09-13 14:40:18,0.0378333333333334,-3.105
276,49344,2025-09-13 14:43:26,0.0351666666666663,-3.14
277,49391,2025-09-13 14:44:19,0.0375000000000001,-3.066
278,49565,2025-09-13 14:47:35,0.0335000000000001,-3.12766666666667
279,49666,2025-09-13 14:49:29,0.0338333333333334,-3.1
280,49734,2025-09-13 14:50:46,0.0325,-3.132
281,49788,2025-09-13 14:51:47,0.0333333333333332,-3.065
282,49834,2025-09-13 14:52:39,0.0358333333333332,-3.02566666666667
283,49937,2025-09-13 14:54:35,0.0349999999999999,-3.187
284,50019,2025-09-13 14:56:07,0.035166666666667,-3.00766666666667
285,50112,2025-09-13 14:57:52,0.0381666666666667,-3.089
286,50189,2025-09-13 14:59:19,0.0343333333333333,-3.07933333333333
287,50241,2025-09-13 15:00:18,0.0356666666666663,-3.01566666666667
288,50354,2025-09-13 15:02:25,0.0345000000000002,-3.16633333333333
289,50402,2025-09-13 15:03:19,0.0386666666666666,-3.04733333333333
290,50450,2025-09-13 15:04:13,0.0328333333333335,-3.00733333333333
291,50550,2025-09-13 15:06:06,0.0346666666666668,-3.166
292,50622,2025-09-13 15:07:27,0.0366666666666666,-3.02366666666667
293,50704,2025-09-13 15:09:00,0.0359999999999998,-3.10533333333333
294,50831,2025-09-13 15:11:23,0.0343333333333333,-2.971
295,50925,2025-09-13 15:13:09,0.0391666666666666,-3.15366666666667
296,50973,2025-09-13 15:14:03,0.0361666666666669,-3.101
297,51004,2025-09-13 15:14:38,0.0346666666666666,-3.055
298,51042,2025-09-13 15:15:21,0.0321666666666669,-2.99433333333333
299,51105,2025-09-13 15:16:32,0.0389999999999997,-3.02933333333333
300,51162,2025-09-13 15:17:36,0.0348333333333333,-3.09466666666667
301,51271,2025-09-13 15:19:39,0.0323333333333331,-2.945
302,51307,2025-09-13 15:20:20,0.0306666666666664,-3.014
303,51341,2025-09-13 15:20:58,0.0324999999999998,-3.11233333333333
304,51436,2025-09-13 15:22:45,0.0360000000000003,-2.978
305,51479,2025-09-13 15:23:34,0.0351666666666663,-2.942
306,51588,2025-09-13 15:25:37,0.0348333333333333,-3.21433333333333
307,51643,2025-09-13 15:26:39,0.0360000000000003,-3.11366666666667
308,51675,2025-09-13 15:27:15,0.0388333333333335,-3.04666666666667
309,51800,2025-09-13 15:29:36,0.0326666666666671,-3.279
310,52031,2025-09-13 15:33:56,0.0361666666666665,-3.31433333333333
311,52083,2025-09-13 15:34:55,0.0395000000000003,-3.29466666666667
312,52208,2025-09-13 15:37:16,0.0354999999999999,-3.426
313,52246,2025-09-13 15:37:59,0.033166666666667,-3.318
314,52280,2025-09-13 15:38:37,0.0371666666666666,-3.30566666666667
315,52437,2025-09-13 15:41:34,0.0363333333333333,-3.381
316,52623,2025-09-13 15:45:04,0.0375000000000003,-3.52066666666667
317,52656,2025-09-13 15:45:41,0.0346666666666666,-3.36466666666667
318,52695,2025-09-13 15:46:25,0.033666666666667,-3.28733333333333
319,52812,2025-09-13 15:48:37,0.0366666666666668,-3.49733333333333
320,52868,2025-09-13 15:49:40,0.0363333333333333,-3.42166666666667
321,52928,2025-09-13 15:50:48,0.0373333333333334,-3.421
322,52962,2025-09-13 15:51:26,0.0358333333333336,-3.46966666666667
323,53023,2025-09-13 15:52:35,0.0339999999999998,-3.56766666666667
324,53104,2025-09-13 15:54:06,0.0350000000000001,-3.39366666666667
325,53275,2025-09-13 15:57:19,0.0386666666666666,-3.47733333333333
326,53321,2025-09-13 15:58:11,0.0380000000000003,-3.404
327,53648,2025-09-13 16:04:20,0.0358333333333334,-3.565
328,53685,2025-09-13 16:05:02,0.0406666666666666,-3.43766666666667
329,53916,2025-09-13 16:09:22,0.0363333333333333,-3.43
330,54118,2025-09-13 16:13:10,0.0421666666666662,-3.48166666666667
331,54324,2025-09-13 16:17:02,0.0415000000000001,-3.49433333333333
332,54499,2025-09-13 16:20:20,0.0393333333333332,-3.522
333,54623,2025-09-13 16:22:40,0.0343333333333335,-3.64233333333333
334,54736,2025-09-13 16:24:47,0.0365,-3.52933333333333
335,54916,2025-09-13 16:28:10,0.0341666666666667,-3.52966666666667
336,55069,2025-09-13 16:31:03,0.0386666666666668,-3.63233333333333
337,55240,2025-09-13 16:34:16,0.0375000000000001,-3.619
338,55302,2025-09-13 16:35:26,0.0330000000000001,-3.60966666666667
339,55380,2025-09-13 16:36:54,0.0339999999999998,-3.51933333333333
340,55482,2025-09-13 16:38:49,0.0384999999999998,-3.656
341,55517,2025-09-13 16:39:28,0.0398333333333332,-3.58033333333333
342,55548,2025-09-13 16:40:03,0.0335000000000001,-3.499
343,55593,2025-09-13 16:40:54,0.0351666666666668,-3.545
344,55733,2025-09-13 16:43:32,0.0368333333333335,-3.62333333333333
345,55902,2025-09-13 16:46:43,0.0363333333333333,-3.67666666666667
346,56121,2025-09-13 16:50:50,0.0368333333333333,-3.629
347,56259,2025-09-13 16:53:26,0.0365000000000002,-3.691
348,56298,2025-09-13 16:54:10,0.0370000000000004,-3.68066666666667
349,56352,2025-09-13 16:55:11,0.0351666666666666,-3.60233333333333
350,56462,2025-09-13 16:57:15,0.0343333333333335,-3.656
351,56613,2025-09-13 17:00:05,0.0326666666666666,-3.64533333333333
352,56756,2025-09-13 17:02:47,0.0359999999999998,-3.53366666666667
353,56855,2025-09-13 17:04:38,0.0356666666666667,-3.66966666666667
354,56922,2025-09-13 17:05:54,0.0339999999999998,-3.63666666666667
355,56996,2025-09-13 17:07:18,0.0350000000000001,-3.49533333333333
356,57136,2025-09-13 17:09:56,0.0346666666666666,-3.60033333333333
357,57214,2025-09-13 17:11:24,0.0351666666666666,-3.58266666666667
358,57294,2025-09-13 17:12:54,0.0323333333333333,-3.692
359,57338,2025-09-13 17:13:44,0.0333333333333332,-3.64666666666667
360,57370,2025-09-13 17:14:20,0.0339999999999998,-3.584
361,57432,2025-09-13 17:15:30,0.0331666666666666,-3.59866666666667
362,57499,2025-09-13 17:16:46,0.0376666666666665,-3.64566666666667
363,57545,2025-09-13 17:17:38,0.0333333333333332,-3.60366666666667
364,57635,2025-09-13 17:19:19,0.0336666666666665,-3.577
365,57694,2025-09-13 17:20:26,0.0349999999999999,-3.66666666666667
366,57911,2025-09-13 17:24:31,0.0321666666666665,-3.679
367,58007,2025-09-13 17:26:19,0.0338333333333334,-3.54766666666667
368,58046,2025-09-13 17:27:03,0.0348333333333333,-3.66066666666667
369,58080,2025-09-13 17:27:42,0.0334999999999999,-3.773
370,58135,2025-09-13 17:28:44,0.0374999999999996,-3.76433333333333
371,58182,2025-09-13 17:29:37,0.0358333333333336,-3.54433333333333
372,58347,2025-09-13 17:32:43,0.0348333333333333,-3.64966666666667
373,58500,2025-09-13 17:35:36,0.0356666666666667,-3.75333333333333
374,58575,2025-09-13 17:37:01,0.0390000000000001,-3.639
375,58719,2025-09-13 17:39:43,0.0349999999999999,-3.68966666666667
376,58754,2025-09-13 17:40:23,0.0356666666666667,-3.72
377,58788,2025-09-13 17:41:01,0.0395000000000003,-3.631
378,58948,2025-09-13 17:44:02,0.0386666666666664,-3.79266666666667
379,59104,2025-09-13 17:46:58,0.0341666666666669,-3.72733333333333
380,59142,2025-09-13 17:47:41,0.0343333333333333,-3.77033333333333
381,59225,2025-09-13 17:49:15,0.0369999999999999,-3.55833333333333
382,59315,2025-09-13 17:50:56,0.0380000000000003,-3.729
383,59377,2025-09-13 17:52:06,0.0341666666666667,-3.65
384,59409,2025-09-13 17:52:42,0.038,-3.58533333333333
385,59477,2025-09-13 17:53:59,0.0348333333333333,-3.62266666666667
386,59529,2025-09-13 17:54:58,0.0366666666666664,-3.69166666666667
387,59564,2025-09-13 17:55:37,0.0378333333333334,-3.675
388,59731,2025-09-13 17:58:46,0.033166666666667,-3.703
389,59816,2025-09-13 18:00:22,0.0399999999999998,-3.64633333333333
390,59874,2025-09-13 18:01:27,0.0339999999999998,-3.669
391,59912,2025-09-13 18:02:10,0.0376666666666665,-3.73533333333333
392,59950,2025-09-13 18:02:53,0.0368333333333333,-3.77566666666667
393,59996,2025-09-13 18:03:45,0.0326666666666664,-3.644
394,60043,2025-09-13 18:04:38,0.0366666666666668,-3.625
395,60114,2025-09-13 18:05:58,0.0345000000000002,-3.831
396,60309,2025-09-13 18:09:38,0.0345000000000002,-3.74166666666667
397,60539,2025-09-13 18:13:58,0.0383333333333333,-3.80366666666667
398,60712,2025-09-13 18:17:13,0.0369999999999999,-3.77866666666667
399,60799,2025-09-13 18:18:51,0.0363333333333333,-3.764
400,60845,2025-09-13 18:19:43,0.0369999999999999,-3.67766666666667
401,61023,2025-09-13 18:23:04,0.0386666666666666,-3.686
402,61060,2025-09-13 18:23:46,0.0368333333333331,-3.65233333333333
403,61202,2025-09-13 18:26:26,0.0383333333333336,-3.76333333333333
404,61613,2025-09-13 18:34:10,0.0378333333333334,-3.66033333333333
405,61773,2025-09-13 18:37:11,0.0364999999999998,-3.79966666666667
406,61821,2025-09-13 18:38:05,0.0373333333333334,-3.75866666666667
407,61853,2025-09-13 18:38:41,0.0410000000000004,-3.62266666666667
408,62000,2025-09-13 18:41:27,0.0361666666666669,-3.812
409,62193,2025-09-13 18:45:05,0.0383333333333333,-3.80233333333333
410,62254,2025-09-13 18:46:14,0.0360000000000003,-3.68333333333333
411,62430,2025-09-13 18:49:33,0.0355000000000003,-3.751
412,62588,2025-09-13 18:52:32,0.0369999999999999,-3.76733333333333
413,62682,2025-09-13 18:54:18,0.0408333333333331,-3.64133333333333
414,62824,2025-09-13 18:56:58,0.0364999999999998,-3.891
415,62869,2025-09-13 18:57:49,0.0398333333333332,-3.75466666666667
416,63006,2025-09-13 19:00:24,0.0548333333333331,-3.94266666666667
417,63101,2025-09-13 19:02:11,0.0385,-3.83666666666667
418,63255,2025-09-13 19:05:05,0.0411666666666668,-3.91433333333333
419,63430,2025-09-13 19:08:23,0.0393333333333334,-4.01333333333333
420,63701,2025-09-13 19:13:29,0.523833333333333,-3.048
421,63881,2025-09-13 19:16:52,0.036,-2.68733333333333
422,64101,2025-09-13 19:21:01,0.0423333333333333,-2.59733333333333
423,64200,2025-09-13 19:23:31,0.039166666666667,-2.705
424,64426,2025-09-13 19:27:47,0.0385,-2.68633333333333
425,65715,2025-09-13 19:52:04,0.0401666666666667,-2.62533333333333
426,65761,2025-09-13 19:52:56,0.0424999999999998,-2.48733333333333
